model,checkpoint,task,success,error,cached,predictions_file,num_predictions,accuracy,correct,total,accuracy_translate_fr_eng_lower,correct_translate_fr_eng_lower,total_translate_fr_eng_lower,mean_loss,mean_perplexity,mean_probability,mean_normalized_probability
allenai/OLMo-2-1124-7B,stage1-step150-tokens1B,compositional_translate_fr_eng_lower,True,,True,results/olmo2_continuous_7b_early_revised/OLMo-2-1124-7B_stage1-step150-tokens1B/allenai_OLMo-2-1124-7B_stage1-step150-tokens1B_compositional_translate_fr_eng_lower_translate_fr_eng_lower_detailed.jsonl,171.0,0.0,0,171,,,,,,,
allenai/OLMo-2-1124-7B,stage1-step5000-tokens21B,compositional_translate_fr_eng_lower,True,,True,results/olmo2_continuous_7b_early_revised/OLMo-2-1124-7B_stage1-step5000-tokens21B/allenai_OLMo-2-1124-7B_stage1-step5000-tokens21B_compositional_translate_fr_eng_lower_translate_fr_eng_lower_detailed.jsonl,171.0,0.08187134502923976,14,171,,,,,,,
allenai/OLMo-2-1124-7B,stage1-step10000-tokens42B,compositional_translate_fr_eng_lower,True,,True,results/olmo2_continuous_7b_early_revised/OLMo-2-1124-7B_stage1-step10000-tokens42B/allenai_OLMo-2-1124-7B_stage1-step10000-tokens42B_compositional_translate_fr_eng_lower_translate_fr_eng_lower_detailed.jsonl,171.0,0.5146198830409356,88,171,,,,,,,
allenai/OLMo-2-1124-7B,stage1-step15000-tokens63B,compositional_translate_fr_eng_lower,True,,True,results/olmo2_continuous_7b_early_revised/OLMo-2-1124-7B_stage1-step15000-tokens63B/allenai_OLMo-2-1124-7B_stage1-step15000-tokens63B_compositional_translate_fr_eng_lower_translate_fr_eng_lower_detailed.jsonl,171.0,0.631578947368421,108,171,,,,,,,
allenai/OLMo-2-1124-7B,stage1-step20000-tokens84B,compositional_translate_fr_eng_lower,True,,True,results/olmo2_continuous_7b_early_revised/OLMo-2-1124-7B_stage1-step20000-tokens84B/allenai_OLMo-2-1124-7B_stage1-step20000-tokens84B_compositional_translate_fr_eng_lower_translate_fr_eng_lower_detailed.jsonl,171.0,0.6783625730994152,116,171,,,,,,,
allenai/OLMo-2-1124-7B,stage1-step25000-tokens105B,compositional_translate_fr_eng_lower,True,,True,results/olmo2_continuous_7b_early_revised/OLMo-2-1124-7B_stage1-step25000-tokens105B/allenai_OLMo-2-1124-7B_stage1-step25000-tokens105B_compositional_translate_fr_eng_lower_translate_fr_eng_lower_detailed.jsonl,171.0,0.7309941520467836,125,171,,,,,,,
allenai/OLMo-2-1124-7B,stage1-step30000-tokens126B,compositional_translate_fr_eng_lower,True,,True,results/olmo2_continuous_7b_early_revised/OLMo-2-1124-7B_stage1-step30000-tokens126B/allenai_OLMo-2-1124-7B_stage1-step30000-tokens126B_compositional_translate_fr_eng_lower_translate_fr_eng_lower_detailed.jsonl,171.0,0.7660818713450293,131,171,,,,,,,
allenai/OLMo-2-1124-7B,stage1-step35000-tokens147B,compositional_translate_fr_eng_lower,True,,True,results/olmo2_continuous_7b_early_revised/OLMo-2-1124-7B_stage1-step35000-tokens147B/allenai_OLMo-2-1124-7B_stage1-step35000-tokens147B_compositional_translate_fr_eng_lower_translate_fr_eng_lower_detailed.jsonl,171.0,0.7543859649122807,129,171,,,,,,,
allenai/OLMo-2-1124-7B,stage1-step40000-tokens168B,compositional_translate_fr_eng_lower,True,,True,results/olmo2_continuous_7b_early_revised/OLMo-2-1124-7B_stage1-step40000-tokens168B/allenai_OLMo-2-1124-7B_stage1-step40000-tokens168B_compositional_translate_fr_eng_lower_translate_fr_eng_lower_detailed.jsonl,171.0,0.7602339181286549,130,171,,,,,,,
allenai/OLMo-2-1124-7B,stage1-step45000-tokens189B,compositional_translate_fr_eng_lower,True,,True,results/olmo2_continuous_7b_early_revised/OLMo-2-1124-7B_stage1-step45000-tokens189B/allenai_OLMo-2-1124-7B_stage1-step45000-tokens189B_compositional_translate_fr_eng_lower_translate_fr_eng_lower_detailed.jsonl,171.0,0.7660818713450293,131,171,,,,,,,
allenai/OLMo-2-1124-7B,stage1-step50000-tokens210B,compositional_translate_fr_eng_lower,True,,True,results/olmo2_continuous_7b_early_revised/OLMo-2-1124-7B_stage1-step50000-tokens210B/allenai_OLMo-2-1124-7B_stage1-step50000-tokens210B_compositional_translate_fr_eng_lower_translate_fr_eng_lower_detailed.jsonl,171.0,0.7602339181286549,130,171,,,,,,,
allenai/OLMo-2-1124-7B,stage1-step60000-tokens252B,compositional_translate_fr_eng_lower,True,,True,results/olmo2_continuous_7b_early_revised/OLMo-2-1124-7B_stage1-step60000-tokens252B/allenai_OLMo-2-1124-7B_stage1-step60000-tokens252B_compositional_translate_fr_eng_lower_translate_fr_eng_lower_detailed.jsonl,171.0,0.8187134502923976,140,171,,,,,,,
allenai/OLMo-2-1124-7B,stage1-step70000-tokens294B,compositional_translate_fr_eng_lower,True,,True,results/olmo2_continuous_7b_early_revised/OLMo-2-1124-7B_stage1-step70000-tokens294B/allenai_OLMo-2-1124-7B_stage1-step70000-tokens294B_compositional_translate_fr_eng_lower_translate_fr_eng_lower_detailed.jsonl,171.0,0.8070175438596491,138,171,,,,,,,
allenai/OLMo-2-1124-7B,stage1-step80000-tokens336B,compositional_translate_fr_eng_lower,True,,True,results/olmo2_continuous_7b_early_revised/OLMo-2-1124-7B_stage1-step80000-tokens336B/allenai_OLMo-2-1124-7B_stage1-step80000-tokens336B_compositional_translate_fr_eng_lower_translate_fr_eng_lower_detailed.jsonl,171.0,0.7719298245614035,132,171,,,,,,,
allenai/OLMo-2-1124-7B,stage1-step90000-tokens378B,compositional_translate_fr_eng_lower,True,,True,results/olmo2_continuous_7b_early_revised/OLMo-2-1124-7B_stage1-step90000-tokens378B/allenai_OLMo-2-1124-7B_stage1-step90000-tokens378B_compositional_translate_fr_eng_lower_translate_fr_eng_lower_detailed.jsonl,171.0,0.7953216374269005,136,171,,,,,,,
allenai/OLMo-2-1124-7B,stage1-step110000-tokens462B,compositional_translate_fr_eng_lower,True,,True,results/olmo2_continuous_7b_early_revised/OLMo-2-1124-7B_stage1-step110000-tokens462B/allenai_OLMo-2-1124-7B_stage1-step110000-tokens462B_compositional_translate_fr_eng_lower_translate_fr_eng_lower_detailed.jsonl,171.0,0.8245614035087719,141,171,,,,,,,
allenai/OLMo-2-1124-7B,stage1-step120000-tokens504B,compositional_translate_fr_eng_lower,True,,True,results/olmo2_continuous_7b_early_revised/OLMo-2-1124-7B_stage1-step120000-tokens504B/allenai_OLMo-2-1124-7B_stage1-step120000-tokens504B_compositional_translate_fr_eng_lower_translate_fr_eng_lower_detailed.jsonl,171.0,0.8187134502923976,140,171,,,,,,,
allenai/OLMo-2-1124-7B,stage1-step130000-tokens546B,compositional_translate_fr_eng_lower,True,,False,,,0.7891566265060241,131,166,0.7891566265060241,131.0,166.0,7.423651637801205,426350.10922099964,0.0007343123486976858,0.00566543547522209
allenai/OLMo-2-1124-7B,stage1-step150000-tokens630B,compositional_translate_fr_eng_lower,True,,False,,,0.8012048192771084,133,166,0.8012048192771084,133.0,166.0,7.232198324548193,170632.5829111109,0.0007326173379488187,0.0048567978581783135
allenai/OLMo-2-1124-7B,stage1-step170000-tokens714B,compositional_translate_fr_eng_lower,True,,False,,,0.7951807228915663,132,166,0.7951807228915663,132.0,166.0,7.1184935052710845,289304.91165214044,0.0009039241489654119,0.005861388919316244
allenai/OLMo-2-1124-7B,stage1-step230000-tokens965B,compositional_translate_fr_eng_lower,True,,False,,,0.8192771084337349,136,166,0.8192771084337349,136.0,166.0,7.326277767319277,77909.65603355292,0.0006830948995678435,0.004800546760651318
allenai/OLMo-2-1124-7B,stage1-step250000-tokens1049B,compositional_translate_fr_eng_lower,True,,False,,,0.8433734939759037,140,166,0.8433734939759037,140.0,166.0,7.09546780873494,24253.45448286338,0.0007978754858023135,0.00538231390860681
allenai/OLMo-2-1124-7B,main,compositional_translate_fr_eng_lower,True,,False,,,0.8795180722891566,146,166,0.8795180722891566,146.0,166.0,6.23132765436747,2634.7656426141366,0.001606424364054621,0.008271664137232222
