model,checkpoint,task,success,error,cached
allenai/OLMo-2-0425-1B,stage1-step0-tokens0B,coreference_pronoun_simple,False,"Task 'coreference:pronoun_simple' not found. Available tasks: ['textfrct', 'multistep_arithmetic', 'part_of_speech', 'coreference', 'logical_ops', 'math', 'ignoring_context', 'fact_extraction', 'simple', 'basic_arithmetic', 'copying', 'token_reversal', 'string_analogy', 'compositional', 'simple_icl', 'ioi_task']",False
allenai/OLMo-2-0425-1B,stage1-step100000-tokens210B,coreference_pronoun_simple,False,"Task 'coreference:pronoun_simple' not found. Available tasks: ['textfrct', 'multistep_arithmetic', 'part_of_speech', 'coreference', 'logical_ops', 'math', 'ignoring_context', 'fact_extraction', 'simple', 'basic_arithmetic', 'copying', 'token_reversal', 'string_analogy', 'compositional', 'simple_icl', 'ioi_task']",False
allenai/OLMo-2-0425-1B,stage1-step200000-tokens420B,coreference_pronoun_simple,False,"Task 'coreference:pronoun_simple' not found. Available tasks: ['textfrct', 'multistep_arithmetic', 'part_of_speech', 'coreference', 'logical_ops', 'math', 'ignoring_context', 'fact_extraction', 'simple', 'basic_arithmetic', 'copying', 'token_reversal', 'string_analogy', 'compositional', 'simple_icl', 'ioi_task']",False
allenai/OLMo-2-0425-1B,stage1-step300000-tokens630B,coreference_pronoun_simple,False,"Task 'coreference:pronoun_simple' not found. Available tasks: ['textfrct', 'multistep_arithmetic', 'part_of_speech', 'coreference', 'logical_ops', 'math', 'ignoring_context', 'fact_extraction', 'simple', 'basic_arithmetic', 'copying', 'token_reversal', 'string_analogy', 'compositional', 'simple_icl', 'ioi_task']",False
allenai/OLMo-2-0425-1B,stage1-step400000-tokens839B,coreference_pronoun_simple,False,"Task 'coreference:pronoun_simple' not found. Available tasks: ['textfrct', 'multistep_arithmetic', 'part_of_speech', 'coreference', 'logical_ops', 'math', 'ignoring_context', 'fact_extraction', 'simple', 'basic_arithmetic', 'copying', 'token_reversal', 'string_analogy', 'compositional', 'simple_icl', 'ioi_task']",False
allenai/OLMo-2-0425-1B,stage1-step500000-tokens1049B,coreference_pronoun_simple,False,"Task 'coreference:pronoun_simple' not found. Available tasks: ['textfrct', 'multistep_arithmetic', 'part_of_speech', 'coreference', 'logical_ops', 'math', 'ignoring_context', 'fact_extraction', 'simple', 'basic_arithmetic', 'copying', 'token_reversal', 'string_analogy', 'compositional', 'simple_icl', 'ioi_task']",False
allenai/OLMo-2-0425-1B,stage1-step600000-tokens1259B,coreference_pronoun_simple,False,"Task 'coreference:pronoun_simple' not found. Available tasks: ['textfrct', 'multistep_arithmetic', 'part_of_speech', 'coreference', 'logical_ops', 'math', 'ignoring_context', 'fact_extraction', 'simple', 'basic_arithmetic', 'copying', 'token_reversal', 'string_analogy', 'compositional', 'simple_icl', 'ioi_task']",False
allenai/OLMo-2-0425-1B,stage1-step700000-tokens1469B,coreference_pronoun_simple,False,"Task 'coreference:pronoun_simple' not found. Available tasks: ['textfrct', 'multistep_arithmetic', 'part_of_speech', 'coreference', 'logical_ops', 'math', 'ignoring_context', 'fact_extraction', 'simple', 'basic_arithmetic', 'copying', 'token_reversal', 'string_analogy', 'compositional', 'simple_icl', 'ioi_task']",False
allenai/OLMo-2-0425-1B,stage1-step800000-tokens1678B,coreference_pronoun_simple,False,"Task 'coreference:pronoun_simple' not found. Available tasks: ['textfrct', 'multistep_arithmetic', 'part_of_speech', 'coreference', 'logical_ops', 'math', 'ignoring_context', 'fact_extraction', 'simple', 'basic_arithmetic', 'copying', 'token_reversal', 'string_analogy', 'compositional', 'simple_icl', 'ioi_task']",False
allenai/OLMo-2-0425-1B,stage1-step900000-tokens1888B,coreference_pronoun_simple,False,"Task 'coreference:pronoun_simple' not found. Available tasks: ['textfrct', 'multistep_arithmetic', 'part_of_speech', 'coreference', 'logical_ops', 'math', 'ignoring_context', 'fact_extraction', 'simple', 'basic_arithmetic', 'copying', 'token_reversal', 'string_analogy', 'compositional', 'simple_icl', 'ioi_task']",False
allenai/OLMo-2-0425-1B,stage1-step1000000-tokens2098B,coreference_pronoun_simple,False,"Task 'coreference:pronoun_simple' not found. Available tasks: ['textfrct', 'multistep_arithmetic', 'part_of_speech', 'coreference', 'logical_ops', 'math', 'ignoring_context', 'fact_extraction', 'simple', 'basic_arithmetic', 'copying', 'token_reversal', 'string_analogy', 'compositional', 'simple_icl', 'ioi_task']",False
allenai/OLMo-2-0425-1B,stage1-step1100000-tokens2307B,coreference_pronoun_simple,False,"Task 'coreference:pronoun_simple' not found. Available tasks: ['textfrct', 'multistep_arithmetic', 'part_of_speech', 'coreference', 'logical_ops', 'math', 'ignoring_context', 'fact_extraction', 'simple', 'basic_arithmetic', 'copying', 'token_reversal', 'string_analogy', 'compositional', 'simple_icl', 'ioi_task']",False
allenai/OLMo-2-0425-1B,stage1-step1200000-tokens2517B,coreference_pronoun_simple,False,"Task 'coreference:pronoun_simple' not found. Available tasks: ['textfrct', 'multistep_arithmetic', 'part_of_speech', 'coreference', 'logical_ops', 'math', 'ignoring_context', 'fact_extraction', 'simple', 'basic_arithmetic', 'copying', 'token_reversal', 'string_analogy', 'compositional', 'simple_icl', 'ioi_task']",False
allenai/OLMo-2-0425-1B,stage1-step1300000-tokens2727B,coreference_pronoun_simple,False,"Task 'coreference:pronoun_simple' not found. Available tasks: ['textfrct', 'multistep_arithmetic', 'part_of_speech', 'coreference', 'logical_ops', 'math', 'ignoring_context', 'fact_extraction', 'simple', 'basic_arithmetic', 'copying', 'token_reversal', 'string_analogy', 'compositional', 'simple_icl', 'ioi_task']",False
allenai/OLMo-2-0425-1B,stage1-step1400000-tokens2937B,coreference_pronoun_simple,False,"Task 'coreference:pronoun_simple' not found. Available tasks: ['textfrct', 'multistep_arithmetic', 'part_of_speech', 'coreference', 'logical_ops', 'math', 'ignoring_context', 'fact_extraction', 'simple', 'basic_arithmetic', 'copying', 'token_reversal', 'string_analogy', 'compositional', 'simple_icl', 'ioi_task']",False
allenai/OLMo-2-0425-1B,stage1-step1500000-tokens3146B,coreference_pronoun_simple,False,"Task 'coreference:pronoun_simple' not found. Available tasks: ['textfrct', 'multistep_arithmetic', 'part_of_speech', 'coreference', 'logical_ops', 'math', 'ignoring_context', 'fact_extraction', 'simple', 'basic_arithmetic', 'copying', 'token_reversal', 'string_analogy', 'compositional', 'simple_icl', 'ioi_task']",False
allenai/OLMo-2-0425-1B,stage1-step1600000-tokens3356B,coreference_pronoun_simple,False,"Task 'coreference:pronoun_simple' not found. Available tasks: ['textfrct', 'multistep_arithmetic', 'part_of_speech', 'coreference', 'logical_ops', 'math', 'ignoring_context', 'fact_extraction', 'simple', 'basic_arithmetic', 'copying', 'token_reversal', 'string_analogy', 'compositional', 'simple_icl', 'ioi_task']",False
allenai/OLMo-2-0425-1B,stage1-step1700000-tokens3566B,coreference_pronoun_simple,False,"Task 'coreference:pronoun_simple' not found. Available tasks: ['textfrct', 'multistep_arithmetic', 'part_of_speech', 'coreference', 'logical_ops', 'math', 'ignoring_context', 'fact_extraction', 'simple', 'basic_arithmetic', 'copying', 'token_reversal', 'string_analogy', 'compositional', 'simple_icl', 'ioi_task']",False
allenai/OLMo-2-0425-1B,stage1-step1800000-tokens3775B,coreference_pronoun_simple,False,"Task 'coreference:pronoun_simple' not found. Available tasks: ['textfrct', 'multistep_arithmetic', 'part_of_speech', 'coreference', 'logical_ops', 'math', 'ignoring_context', 'fact_extraction', 'simple', 'basic_arithmetic', 'copying', 'token_reversal', 'string_analogy', 'compositional', 'simple_icl', 'ioi_task']",False
allenai/OLMo-2-0425-1B,stage1-step1900000-tokens3985B,coreference_pronoun_simple,False,"Task 'coreference:pronoun_simple' not found. Available tasks: ['textfrct', 'multistep_arithmetic', 'part_of_speech', 'coreference', 'logical_ops', 'math', 'ignoring_context', 'fact_extraction', 'simple', 'basic_arithmetic', 'copying', 'token_reversal', 'string_analogy', 'compositional', 'simple_icl', 'ioi_task']",False
allenai/OLMo-2-0425-1B,stage1-step1907359-tokens4001B,coreference_pronoun_simple,False,"Task 'coreference:pronoun_simple' not found. Available tasks: ['textfrct', 'multistep_arithmetic', 'part_of_speech', 'coreference', 'logical_ops', 'math', 'ignoring_context', 'fact_extraction', 'simple', 'basic_arithmetic', 'copying', 'token_reversal', 'string_analogy', 'compositional', 'simple_icl', 'ioi_task']",False
allenai/OLMo-2-0425-1B,main,coreference_pronoun_simple,False,"Task 'coreference:pronoun_simple' not found. Available tasks: ['textfrct', 'multistep_arithmetic', 'part_of_speech', 'coreference', 'logical_ops', 'math', 'ignoring_context', 'fact_extraction', 'simple', 'basic_arithmetic', 'copying', 'token_reversal', 'string_analogy', 'compositional', 'simple_icl', 'ioi_task']",False
