model,checkpoint,task,success,error,cached,predictions_file,num_predictions,accuracy,correct,total
allenai/OLMo-2-0425-1B,stage1-step0-tokens0B,coreference_pronoun_hard,True,,True,results/olmo2_continuous_1b_early_revised/OLMo-2-0425-1B_stage1-step0-tokens0B/allenai_OLMo-2-0425-1B_stage1-step0-tokens0B_coreference_pronoun_hard_detailed.jsonl,20.0,0.0,0.0,20.0
allenai/OLMo-2-0425-1B,stage1-step100000-tokens210B,coreference_pronoun_hard,True,,True,results/olmo2_continuous_1b_early_revised/OLMo-2-0425-1B_stage1-step100000-tokens210B/allenai_OLMo-2-0425-1B_stage1-step100000-tokens210B_coreference_pronoun_hard_detailed.jsonl,20.0,0.6,12.0,20.0
allenai/OLMo-2-0425-1B,stage1-step200000-tokens420B,coreference_pronoun_hard,True,,True,results/olmo2_continuous_1b_early_revised/OLMo-2-0425-1B_stage1-step200000-tokens420B/allenai_OLMo-2-0425-1B_stage1-step200000-tokens420B_coreference_pronoun_hard_detailed.jsonl,20.0,0.65,13.0,20.0
allenai/OLMo-2-0425-1B,stage1-step300000-tokens630B,coreference_pronoun_hard,True,,True,results/olmo2_continuous_1b_early_revised/OLMo-2-0425-1B_stage1-step300000-tokens630B/allenai_OLMo-2-0425-1B_stage1-step300000-tokens630B_coreference_pronoun_hard_detailed.jsonl,20.0,0.75,15.0,20.0
allenai/OLMo-2-0425-1B,stage1-step400000-tokens839B,coreference_pronoun_hard,True,,True,results/olmo2_continuous_1b_early_revised/OLMo-2-0425-1B_stage1-step400000-tokens839B/allenai_OLMo-2-0425-1B_stage1-step400000-tokens839B_coreference_pronoun_hard_detailed.jsonl,20.0,0.85,17.0,20.0
allenai/OLMo-2-0425-1B,stage1-step500000-tokens1049B,coreference_pronoun_hard,True,,True,results/olmo2_continuous_1b_early_revised/OLMo-2-0425-1B_stage1-step500000-tokens1049B/allenai_OLMo-2-0425-1B_stage1-step500000-tokens1049B_coreference_pronoun_hard_detailed.jsonl,20.0,0.65,13.0,20.0
allenai/OLMo-2-0425-1B,stage1-step600000-tokens1259B,coreference_pronoun_hard,True,,True,results/olmo2_continuous_1b_early_revised/OLMo-2-0425-1B_stage1-step600000-tokens1259B/allenai_OLMo-2-0425-1B_stage1-step600000-tokens1259B_coreference_pronoun_hard_detailed.jsonl,20.0,0.75,15.0,20.0
allenai/OLMo-2-0425-1B,stage1-step700000-tokens1469B,coreference_pronoun_hard,True,,True,results/olmo2_continuous_1b_early_revised/OLMo-2-0425-1B_stage1-step700000-tokens1469B/allenai_OLMo-2-0425-1B_stage1-step700000-tokens1469B_coreference_pronoun_hard_detailed.jsonl,20.0,0.7,14.0,20.0
allenai/OLMo-2-0425-1B,stage1-step800000-tokens1678B,coreference_pronoun_hard,True,,True,results/olmo2_continuous_1b_early_revised/OLMo-2-0425-1B_stage1-step800000-tokens1678B/allenai_OLMo-2-0425-1B_stage1-step800000-tokens1678B_coreference_pronoun_hard_detailed.jsonl,20.0,0.8,16.0,20.0
allenai/OLMo-2-0425-1B,stage1-step900000-tokens1888B,coreference_pronoun_hard,True,,True,results/olmo2_continuous_1b_early_revised/OLMo-2-0425-1B_stage1-step900000-tokens1888B/allenai_OLMo-2-0425-1B_stage1-step900000-tokens1888B_coreference_pronoun_hard_detailed.jsonl,20.0,0.75,15.0,20.0
allenai/OLMo-2-0425-1B,stage1-step1000000-tokens2098B,coreference_pronoun_hard,True,,True,results/olmo2_continuous_1b_early_revised/OLMo-2-0425-1B_stage1-step1000000-tokens2098B/allenai_OLMo-2-0425-1B_stage1-step1000000-tokens2098B_coreference_pronoun_hard_detailed.jsonl,20.0,0.75,15.0,20.0
allenai/OLMo-2-0425-1B,stage1-step1100000-tokens2307B,coreference_pronoun_hard,True,,True,results/olmo2_continuous_1b_early_revised/OLMo-2-0425-1B_stage1-step1100000-tokens2307B/allenai_OLMo-2-0425-1B_stage1-step1100000-tokens2307B_coreference_pronoun_hard_detailed.jsonl,20.0,0.65,13.0,20.0
allenai/OLMo-2-0425-1B,stage1-step1200000-tokens2517B,coreference_pronoun_hard,False,"Task 'coreference:pronoun_hard' not found. Available tasks: ['textfrct', 'multistep_arithmetic', 'part_of_speech', 'coreference', 'logical_ops', 'math', 'ignoring_context', 'fact_extraction', 'simple', 'basic_arithmetic', 'copying', 'token_reversal', 'string_analogy', 'compositional', 'simple_icl', 'ioi_task']",False,,,,,
allenai/OLMo-2-0425-1B,stage1-step1300000-tokens2727B,coreference_pronoun_hard,False,"Task 'coreference:pronoun_hard' not found. Available tasks: ['textfrct', 'multistep_arithmetic', 'part_of_speech', 'coreference', 'logical_ops', 'math', 'ignoring_context', 'fact_extraction', 'simple', 'basic_arithmetic', 'copying', 'token_reversal', 'string_analogy', 'compositional', 'simple_icl', 'ioi_task']",False,,,,,
allenai/OLMo-2-0425-1B,stage1-step1400000-tokens2937B,coreference_pronoun_hard,False,"Task 'coreference:pronoun_hard' not found. Available tasks: ['textfrct', 'multistep_arithmetic', 'part_of_speech', 'coreference', 'logical_ops', 'math', 'ignoring_context', 'fact_extraction', 'simple', 'basic_arithmetic', 'copying', 'token_reversal', 'string_analogy', 'compositional', 'simple_icl', 'ioi_task']",False,,,,,
allenai/OLMo-2-0425-1B,stage1-step1500000-tokens3146B,coreference_pronoun_hard,False,"Task 'coreference:pronoun_hard' not found. Available tasks: ['textfrct', 'multistep_arithmetic', 'part_of_speech', 'coreference', 'logical_ops', 'math', 'ignoring_context', 'fact_extraction', 'simple', 'basic_arithmetic', 'copying', 'token_reversal', 'string_analogy', 'compositional', 'simple_icl', 'ioi_task']",False,,,,,
allenai/OLMo-2-0425-1B,stage1-step1600000-tokens3356B,coreference_pronoun_hard,False,"Task 'coreference:pronoun_hard' not found. Available tasks: ['textfrct', 'multistep_arithmetic', 'part_of_speech', 'coreference', 'logical_ops', 'math', 'ignoring_context', 'fact_extraction', 'simple', 'basic_arithmetic', 'copying', 'token_reversal', 'string_analogy', 'compositional', 'simple_icl', 'ioi_task']",False,,,,,
allenai/OLMo-2-0425-1B,stage1-step1700000-tokens3566B,coreference_pronoun_hard,False,"Task 'coreference:pronoun_hard' not found. Available tasks: ['textfrct', 'multistep_arithmetic', 'part_of_speech', 'coreference', 'logical_ops', 'math', 'ignoring_context', 'fact_extraction', 'simple', 'basic_arithmetic', 'copying', 'token_reversal', 'string_analogy', 'compositional', 'simple_icl', 'ioi_task']",False,,,,,
allenai/OLMo-2-0425-1B,stage1-step1800000-tokens3775B,coreference_pronoun_hard,False,"Task 'coreference:pronoun_hard' not found. Available tasks: ['textfrct', 'multistep_arithmetic', 'part_of_speech', 'coreference', 'logical_ops', 'math', 'ignoring_context', 'fact_extraction', 'simple', 'basic_arithmetic', 'copying', 'token_reversal', 'string_analogy', 'compositional', 'simple_icl', 'ioi_task']",False,,,,,
allenai/OLMo-2-0425-1B,stage1-step1900000-tokens3985B,coreference_pronoun_hard,False,"Task 'coreference:pronoun_hard' not found. Available tasks: ['textfrct', 'multistep_arithmetic', 'part_of_speech', 'coreference', 'logical_ops', 'math', 'ignoring_context', 'fact_extraction', 'simple', 'basic_arithmetic', 'copying', 'token_reversal', 'string_analogy', 'compositional', 'simple_icl', 'ioi_task']",False,,,,,
allenai/OLMo-2-0425-1B,stage1-step1907359-tokens4001B,coreference_pronoun_hard,False,"Task 'coreference:pronoun_hard' not found. Available tasks: ['textfrct', 'multistep_arithmetic', 'part_of_speech', 'coreference', 'logical_ops', 'math', 'ignoring_context', 'fact_extraction', 'simple', 'basic_arithmetic', 'copying', 'token_reversal', 'string_analogy', 'compositional', 'simple_icl', 'ioi_task']",False,,,,,
allenai/OLMo-2-0425-1B,main,coreference_pronoun_hard,False,"Task 'coreference:pronoun_hard' not found. Available tasks: ['textfrct', 'multistep_arithmetic', 'part_of_speech', 'coreference', 'logical_ops', 'math', 'ignoring_context', 'fact_extraction', 'simple', 'basic_arithmetic', 'copying', 'token_reversal', 'string_analogy', 'compositional', 'simple_icl', 'ioi_task']",False,,,,,
